Latitude;Longitude;Bairro
-25,53267671;-49,29823389;Pinheirinho
-25,4322965;-49,29822666;Bigorrilho
-25,46495904;-49,29819062;Vila Izabel
-25,38564941;-49,29815204;Pilarzinho
-25,47433689;-49,29813809;Portão
-25,49637171;-49,29799861;Novo Mundo
-25,533619;-49,29785716;Pinheirinho
-25,44950582;-49,29782861;Seminário
-25,51231864;-49,2977935;Capão Raso
-25,46588657;-49,29774004;Vila Izabel
-25,52568197;-49,29758291;Pinheirinho
-25,53456129;-49,29748042;Pinheirinho
-25,46681411;-49,29728945;Portão
-25,43192051;-49,29723178;Bigorrilho
-25,38539255;-49,29712207;Pilarzinho
-25,47405172;-49,29710431;Portão
-25,53550358;-49,29710368;Pinheirinho
-25,49598478;-49,29703081;Novo Mundo
-25,52485351;-49,29700558;Pinheirinho
-25,44913714;-49,29687115;Seminário
-25,46774165;-49,29683887;Portão
-25,53644587;-49,29672694;Pinheirinho
-25,51232728;-49,29672143;Capão Raso
-25,52402504;-49,29642825;Pinheirinho
-25,46866918;-49,29638829;Portão
-25,53738817;-49,29635021;Pinheirinho
-25,43154451;-49,29623689;Bigorrilho
-25,38513569;-49,29609211;Pilarzinho
-25,47376656;-49,29607053;Portão
-25,49559785;-49,29606301;Novo Mundo
-25,5239738;-49,29602366;Pinheirinho
-25,53833046;-49,29597347;Pinheirinho
-25,46959672;-49,2959377;Portão
-25,44876845;-49,29591368;Seminário
-25,52319658;-49,29585092;Pinheirinho
-25,51233592;-49,29564936;Capão Raso
-25,53927275;-49,29559673;Pinheirinho
-25,47052426;-49,29548712;Portão
-25,52236811;-49,2952736;Pinheirinho
-25,43116852;-49,295242;Bigorrilho
-25,54021504;-49,29522;Pinheirinho
-25,52459448;-49,29520225;Pinheirinho
-25,49521093;-49,29509521;Capão Raso
-25,38487882;-49,29506214;Pilarzinho
-25,4734814;-49,29503675;Portão
-25,47282464;-49,29503675;Portão
-25,47145179;-49,29503654;Portão
-25,47387223;-49,29499345;Portão
-25,44839977;-49,29495621;Seminário
-25,47491982;-49,29495014;Portão
-25,47596741;-49,29490684;Portão
-25,477015;-49,29486354;Portão
-25,54115733;-49,29484326;Pinheirinho
-25,47806258;-49,29482024;Portão
-25,47911017;-49,29477694;Portão
-25,48015776;-49,29473363;Novo Mundo
-25,48120535;-49,29469033;Novo Mundo
-25,48225294;-49,29464703;Novo Mundo
-25,48330053;-49,29460373;Novo Mundo
-25,47237933;-49,29458596;Portão
-25,51234456;-49,29457729;Capão Raso
-25,48434811;-49,29456043;Novo Mundo
-25,4853957;-49,29451712;Novo Mundo
-25,48644329;-49,29447382;Novo Mundo
-25,54209962;-49,29446652;Pinheirinho
-25,48749088;-49,29443052;Novo Mundo
-25,48853847;-49,29438722;Novo Mundo
-25,52521516;-49,29438084;Pinheirinho
-25,48958605;-49,29434391;Novo Mundo
-25,49063364;-49,29430061;Novo Mundo
-25,49168123;-49,29425731;Novo Mundo
-25,43079253;-49,29424712;Bigorrilho
-25,49272882;-49,29421401;Novo Mundo
-25,49377641;-49,29417071;Novo Mundo
-25,47330687;-49,29413537;Portão
-25,494824;-49,2941274;Novo Mundo
-25,494824;-49,2941274;Novo Mundo
-25,54304192;-49,29408978;Pinheirinho
-25,38462196;-49,29403217;Pilarzinho
-25,44803109;-49,29399875;Seminário
-25,54398421;-49,29371305;Sítio Cercado
-25,4742344;-49,29368479;Portão
-25,52583584;-49,29355944;Pinheirinho
-25,5123532;-49,29350522;Capão Raso
-25,5449265;-49,29333631;Sítio Cercado
-25,43041654;-49,29325223;Mercês
-25,44766241;-49,29304128;Seminário
-25,3843651;-49,2930022;Pilarzinho
-25,54586879;-49,29295957;Sítio Cercado
-25,52645652;-49,29273803;Pinheirinho
-25,54681108;-49,29258284;Umbará
-25,51236184;-49,29243315;Capão Raso
-25,43004054;-49,29225734;Mercês
-25,54775338;-49,2922061;Umbará
-25,44729373;-49,29208382;Batel
-25,38410824;-49,29197223;Pilarzinho
-25,5270772;-49,29191662;Pinheirinho
-25,54869567;-49,29182936;Umbará
-25,54963796;-49,29145262;Umbará
-25,51237048;-49,29136108;Capão Raso
-25,42966455;-49,29126246;Mercês
-25,44692504;-49,29112635;Batel
-25,52769788;-49,29109522;Pinheirinho
-25,55058025;-49,29107589;Umbará
-25,4502433;-49,29100653;Seminário
-25,38385137;-49,29094227;Pilarzinho
-25,55152254;-49,29069915;Umbará
-25,55246483;-49,29032241;Umbará
-25,51237911;-49,29028901;Capão Raso
-25,52831856;-49,29027381;Pinheirinho
-25,42928856;-49,29026757;Mercês
-25,44655636;-49,29016889;Batel
-25,44988675;-49,29004223;Água Verde
-25,55340713;-49,28994568;Umbará
-25,38359451;-49,2899123;Pilarzinho
-25,55434942;-49,28956894;Umbará
-25,52893924;-49,28945241;Pinheirinho
-25,42891257;-49,28927268;Mercês
-25,51238775;-49,28921694;Pinheirinho
-25,44618768;-49,28921142;Batel
-25,55529171;-49,2891922;Umbará
-25,44953021;-49,28907794;Água Verde
-25,46915065;-49,2890196;Água Verde
-25,38333765;-49,28888233;Pilarzinho
-25,556234;-49,28881546;Umbará
-25,52955992;-49,288631;Pinheirinho
-25,55717629;-49,28843873;Umbará
-25,46835536;-49,28836127;Água Verde
-25,42853657;-49,2882778;Mercês
-25,445819;-49,28825396;Batel
-25,47119463;-49,28815253;Portão
-25,44917366;-49,28811364;Água Verde
-25,55811858;-49,28806199;Umbará
-25,45106531;-49,28790304;Água Verde
-25,38308079;-49,28785236;Pilarzinho
-25,38308079;-49,28785236;Pilarzinho
-25,5301806;-49,28780959;Pinheirinho
-25,46756007;-49,28770293;Água Verde
-25,55906088;-49,28768525;Umbará
-25,4703327;-49,28755477;Água Verde
-25,56000317;-49,28730852;Umbará
-25,44545032;-49,28729649;Batel
-25,44881712;-49,28714934;Água Verde
-25,46676477;-49,2870446;Água Verde
-25,53080128;-49,28698819;Pinheirinho
-25,46947076;-49,28695701;Água Verde
-25,56094546;-49,28693178;Umbará
-25,45068791;-49,28691266;Água Verde
-25,38331729;-49,28683098;Pilarzinho
-25,4452288;-49,28671956;Batel
-25,56188775;-49,28655504;Umbará
-25,46596948;-49,28638626;Água Verde
-25,46860883;-49,28635926;Água Verde
-25,44508163;-49,28633903;Batel
-25,44846057;-49,28618505;Água Verde
-25,56283004;-49,2861783;Umbará
-25,53142196;-49,28616678;Pinheirinho
-25,44636597;-49,28612781;Água Verde
-25,45031052;-49,28592229;Água Verde
-25,3835538;-49,28580959;Pilarzinho
-25,56377233;-49,28580157;Umbará
-25,46774689;-49,2857615;Água Verde
-25,46517419;-49,28572793;Água Verde
-25,44750314;-49,28553607;Água Verde
-25,56471463;-49,28542483;Umbará
-25,44471295;-49,28538156;Batel
-25,53204264;-49,28534537;Pinheirinho
-25,44810403;-49,28522075;Água Verde
-25,46688496;-49,28516375;Água Verde
-25,4643789;-49,28506959;Água Verde
-25,56565692;-49,28504809;Umbará
-25,4486403;-49,28494433;Água Verde
-25,44993312;-49,28493192;Água Verde
-25,38379031;-49,28478821;Pilarzinho
-25,56659921;-49,28467136;Umbará
-25,46602302;-49,28456599;Água Verde
-25,53266332;-49,28452397;Pinheirinho
-25,44434427;-49,2844241;Batel
-25,46358361;-49,28441126;Água Verde
-25,44977747;-49,28435259;Água Verde
-25,5675415;-49,28429462;Umbará
-25,44774748;-49,28425645;Água Verde
-25,50585089;-49,28405587;Capão Raso
-25,46516109;-49,28396823;Água Verde
-25,44955572;-49,28394154;Água Verde
-25,56848379;-49,28391788;Umbará
-25,56848379;-49,28391788;Umbará
-25,38402681;-49,28376682;Pilarzinho
-25,46278832;-49,28375292;Água Verde
-25,53328401;-49,28370256;Pinheirinho
-25,44397559;-49,28346663;Batel
-25,46429915;-49,28337048;Água Verde
-25,44739094;-49,28329215;Água Verde
-25,50639886;-49,2831803;Xaxim
-25,46199303;-49,28309459;Água Verde
-25,56799371;-49,28302737;Umbará
-25,44917833;-49,28295117;Água Verde
-25,53390469;-49,28288116;Pinheirinho
-25,46343722;-49,28277272;Água Verde
-25,38426332;-49,28274544;Pilarzinho
-25,44360691;-49,28250917;Batel
-25,46119774;-49,28243625;Água Verde
-25,4470344;-49,28232786;Água Verde
-25,50694683;-49,28230474;Xaxim
-25,46257528;-49,28217496;Água Verde
-25,56750363;-49,28213685;Umbará
-25,53452537;-49,28205975;Pinheirinho
-25,44880093;-49,28196079;Água Verde
-25,46040245;-49,28177792;Água Verde
-25,38449983;-49,28172405;Taboão
-25,46171335;-49,28157721;Água Verde
-25,44323822;-49,2815517;Batel
-25,5074948;-49,28142917;Xaxim
-25,44667785;-49,28136356;Água Verde
-25,56701355;-49,28124634;Umbará
-25,53514605;-49,28123834;Sítio Cercado
-25,45960716;-49,28111958;Água Verde
-25,46085141;-49,28097945;Água Verde
-25,44842353;-49,28097042;Água Verde
-25,38473633;-49,28070267;Pilarzinho
-25,44286954;-49,28059424;Batel
-25,50804277;-49,28055361;Xaxim
-25,45881186;-49,28046125;Água Verde
-25,53576673;-49,28041694;Sítio Cercado
-25,44632131;-49,28039926;Água Verde
-25,45998948;-49,28038169;Água Verde
-25,56652347;-49,28035582;Umbará
-25,44804614;-49,27998005;Rebouças
-25,45801657;-49,27980291;Água Verde
-25,45912754;-49,27978394;Água Verde
-25,38497284;-49,27968128;Taboão
-25,50859074;-49,27967804;Xaxim
-25,44250086;-49,27963677;Batel
-25,53638741;-49,27959553;Sítio Cercado
-25,56603339;-49,2794653;Umbará
-25,44596476;-49,27943497;Água Verde
-25,45826561;-49,27918618;Água Verde
-25,45722128;-49,27914458;Água Verde
-25,44766874;-49,27898967;Rebouças
-25,50913871;-49,27880247;Xaxim
-25,53700809;-49,27877413;Sítio Cercado
-25,53700809;-49,27877413;Sítio Cercado
-25,44213218;-49,27867931;Batel
-25,38520935;-49,2786599;Pilarzinho
-25,45740367;-49,27858843;Água Verde
-25,56554331;-49,27857479;Umbará
-25,45642599;-49,27848624;Água Verde
-25,44560822;-49,27847067;Água Verde
-25,44729135;-49,2779993;Rebouças
-25,45654174;-49,27799067;Água Verde
-25,50968668;-49,27792691;Xaxim
-25,4556307;-49,27782791;Água Verde
-25,53676932;-49,2777898;Sítio Cercado
-25,4417635;-49,27772184;Batel
-25,56505323;-49,27768427;Umbará
-25,38544585;-49,27763851;Pilarzinho
-25,44525167;-49,27750637;Água Verde
-25,4556798;-49,27739291;Água Verde
-25,45483541;-49,27716958;Água Verde
-25,51023465;-49,27705134;Xaxim
-25,44691395;-49,27700892;Rebouças
-25,53653055;-49,27680547;Sítio Cercado
-25,45481787;-49,27679516;Água Verde
-25,56456315;-49,27679376;Umbará
-25,44139481;-49,27676437;Centro
-25,38568236;-49,27661712;Pilarzinho
-25,44489513;-49,27654207;Água Verde
-25,45404012;-49,27651124;Água Verde
-25,45395593;-49,2761974;Água Verde
-25,51078262;-49,27617577;Xaxim
-25,44653655;-49,27601855;Rebouças
-25,56407307;-49,27590324;Umbará
-25,45324483;-49,27585291;Água Verde
-25,53629179;-49,27582115;Sítio Cercado
-25,44102613;-49,27580691;Centro
-25,45309399;-49,27559964;Água Verde
-25,38591887;-49,27559574;Pilarzinho
-25,44453858;-49,27557778;Rebouças
-25,45236255;-49,27538725;Água Verde
-25,51133059;-49,27530021;Xaxim
-25,45244954;-49,27519457;Rebouças
-25,44615916;-49,27502817;Rebouças
-25,56358299;-49,27501273;Umbará
-25,45223206;-49,27500189;Rebouças
-25,44065745;-49,27484944;Centro
-25,53605302;-49,27483682;Sítio Cercado
-25,44418204;-49,27461348;Rebouças
-25,38615537;-49,27457435;São Lourenço
-25,45200453;-49,27442939;Rebouças
-25,51187856;-49,27442464;Xaxim
-25,56309291;-49,27412221;Umbará
-25,44578176;-49,2740378;Rebouças
-25,44028877;-49,27389198;Centro
-25,53581425;-49,27385249;Sítio Cercado
-25,44382549;-49,27364918;Rebouças
-25,38639188;-49,27355297;São Lourenço
-25,51242653;-49,27354908;Xaxim
-25,45164652;-49,27347154;Rebouças
-25,56260283;-49,2732317;Umbará
-25,44540437;-49,27304743;Rebouças
-25,43992009;-49,27293451;Centro
-25,53557549;-49,27286817;Sítio Cercado
-25,44346895;-49,27268488;Rebouças
-25,5129745;-49,27267351;Xaxim
-25,38662839;-49,27253158;São Lourenço
-25,4512885;-49,27251368;Rebouças
-25,56211275;-49,27234118;Umbará
-25,44502697;-49,27205705;Rebouças
-25,4395514;-49,27197705;Centro
-25,53533672;-49,27188384;Sítio Cercado
-25,51352247;-49,27179794;Xaxim
-25,45093048;-49,27155582;Rebouças
-25,3868649;-49,2715102;São Lourenço
-25,56162267;-49,27145067;Umbará
-25,44464957;-49,27106668;Rebouças
-25,43918272;-49,27101958;Centro
-25,51407044;-49,27092238;Xaxim
-25,53509795;-49,27089951;Sítio Cercado
-25,45057247;-49,27059796;Rebouças
-25,56113259;-49,27056015;Umbará
-25,3871014;-49,27048881;São Lourenço
-25,44427218;-49,2700763;Rebouças
-25,43881404;-49,27006212;Centro
-25,51461841;-49,27004681;Xaxim
-25,51461841;-49,27004681;Xaxim
-25,53485919;-49,26991519;Sítio Cercado
-25,56064251;-49,26966963;Umbará
-25,45021445;-49,2696401;Rebouças
-25,38733791;-49,26946743;São Lourenço
-25,44558503;-49,26917972;Rebouças
-25,43844536;-49,26910465;Centro
-25,44389478;-49,26908593;Rebouças
-25,51427974;-49,26907314;Boqueirão
-25,53462042;-49,26893086;Sítio Cercado
-25,56015243;-49,26877912;Umbará
-25,44985644;-49,26868224;Rebouças
-25,38757442;-49,26844604;São Lourenço
-25,42347484;-49,2683688;Centro Cívico
-25,42347484;-49,2683688;Centro Cívico
-25,42245587;-49,26834182;Centro Cívico
-25,4214369;-49,26831485;Centro Cívico
-25,42041794;-49,26828787;Centro Cívico
-25,41939897;-49,2682609;Centro Cívico
-25,41838;-49,26823392;Centro Cívico
-25,44521751;-49,26821402;Rebouças
-25,41736103;-49,26820694;Centro Cívico
-25,41634206;-49,26817997;Centro Cívico
-25,41532309;-49,26815299;Centro Cívico
-25,43807668;-49,26814719;Centro
-25,41430412;-49,26812602;Centro Cívico
-25,51394108;-49,26809947;Xaxim
-25,41328515;-49,26809904;Centro Cívico
-25,44351738;-49,26809555;Rebouças
-25,41226618;-49,26807207;Centro Cívico
-25,41124721;-49,26804509;Centro Cívico
-25,41022824;-49,26801812;Centro Cívico
-25,40920927;-49,26799114;Centro Cívico
-25,40819031;-49,26796417;Centro Cívico
-25,53438166;-49,26794653;Sítio Cercado
-25,40717134;-49,26793719;Centro Cívico
-25,40615237;-49,26791022;Ahú
-25,55966235;-49,2678886;Sítio Cercado
-25,4051334;-49,26788324;Ahú
-25,40411443;-49,26785626;Ahú
-25,40309546;-49,26782929;Ahú
-25,40207649;-49,26780231;Ahú
-25,40105752;-49,26777534;São Lourenço
-25,40003855;-49,26774836;São Lourenço
-25,44949842;-49,26772438;Rebouças
-25,39901958;-49,26772139;Ahú
-25,39800061;-49,26769441;Ahú
-25,42272097;-49,26767951;Centro Cívico
-25,39698165;-49,26766744;São Lourenço
-25,39596268;-49,26764046;São Lourenço
-25,39494371;-49,26761349;São Lourenço
-25,39392474;-49,26758651;São Lourenço
-25,39290577;-49,26755954;São Lourenço
-25,3918868;-49,26753256;São Lourenço
-25,39086783;-49,26750559;São Lourenço
-25,38984886;-49,26747861;São Lourenço
-25,38882989;-49,26745163;São Lourenço
-25,38781092;-49,26742466;São Lourenço
-25,38781092;-49,26742466;São Lourenço
-25,44484999;-49,26724831;Rebouças
-25,43770799;-49,26718972;Centro
-25,51360242;-49,2671258;Xaxim
-25,44313999;-49,26710518;Rebouças
-25,55917227;-49,26699809;Sítio Cercado
-25,42196709;-49,26699022;Alto da Glória
-25,53414289;-49,26696221;Sítio Cercado
-25,44914041;-49,26676653;Rebouças
-25,42121322;-49,26630094;Alto da Glória
-25,44448248;-49,2662826;Rebouças
-25,43733931;-49,26623226;Centro
-25,51326375;-49,26615214;Xaxim
-25,44276259;-49,26611481;Rebouças
-25,55868219;-49,26610757;Sítio Cercado
-25,53390412;-49,26597788;Sítio Cercado
-25,44878239;-49,26580867;Rebouças
-25,42045935;-49,26561165;Alto da Glória
-25,44411496;-49,26531689;Rebouças
-25,43697063;-49,26527479;Centro
-25,55819211;-49,26521706;Sítio Cercado
-25,51292509;-49,26517847;Xaxim
-25,53366536;-49,26499355;Sítio Cercado
-25,44842438;-49,26485081;Rebouças
-25,44374744;-49,26435118;Rebouças
-25,55770203;-49,26432654;Sítio Cercado
-25,43660195;-49,26431733;Centro
-25,51258643;-49,2642048;Xaxim
-25,53342659;-49,26400923;Sítio Cercado
-25,44806636;-49,26389295;Rebouças
-25,55721195;-49,26343603;Sítio Cercado
-25,44337992;-49,26338547;Rebouças
-25,43623327;-49,26335986;Centro
-25,51224776;-49,26323113;Xaxim
-25,53318782;-49,2630249;Sítio Cercado
-25,44770835;-49,26293509;Rebouças
-25,3829257;-49,26261814;São Lourenço
-25,55672187;-49,26254551;Sítio Cercado
-25,4430124;-49,26241977;Rebouças
-25,43586458;-49,2624024;Centro
-25,5119091;-49,26225746;Xaxim
-25,53294906;-49,26204057;Sítio Cercado
-25,44735033;-49,26197723;Rebouças
-25,38370783;-49,26194269;Barreirinha
-25,55623179;-49,261655;Sítio Cercado
-25,44264488;-49,26145406;Rebouças
-25,4354959;-49,26144493;Centro
-25,51157044;-49,26128379;Xaxim
-25,38448996;-49,26126724;São Lourenço
-25,53271029;-49,26105625;Sítio Cercado
-25,44699231;-49,26101937;Rebouças
-25,55574171;-49,26076448;Sítio Cercado
-25,3852721;-49,26059179;Boa Vista
-25,44227736;-49,26048835;Rebouças
-25,43512722;-49,26048747;Centro
-25,43533625;-49,26040981;Bairro Jardim Botânico
-25,51123177;-49,26031012;Xaxim
-25,43639401;-49,26022166;Rebouças
-25,44059776;-49,26019739;Rebouças
-25,53247152;-49,26007192;Sítio Cercado
-25,4466343;-49,26006151;Rebouças
-25,43745177;-49,26003352;Rebouças
-25,38605423;-49,25991634;Boa Vista
-25,55525163;-49,25987396;Sítio Cercado
-25,43850953;-49,25984538;Rebouças
-25,43956729;-49,25965723;Rebouças
-25,44190984;-49,25952264;Rebouças
-25,44062505;-49,25946909;Rebouças
-25,51089311;-49,25933645;Xaxim
-25,44168281;-49,25928095;Rebouças
-25,38683636;-49,25924088;Boa Vista
-25,43992833;-49,25919598;Rebouças
-25,44627628;-49,25910366;Rebouças
-25,44274057;-49,2590928;Rebouças
-25,53223276;-49,25908759;Sítio Cercado
-25,55476155;-49,25898345;Sítio Cercado
-25,44379833;-49,25890466;Rebouças
-25,44485609;-49,25871652;Rebouças
-25,3876185;-49,25856543;Boa Vista
-25,44585905;-49,25855872;Rebouças
-25,44154232;-49,25855693;Rebouças
-25,44591386;-49,25852837;Rebouças
-25,44695166;-49,25841458;Prado Velho
-25,51055445;-49,25836279;Xaxim
-25,44804428;-49,25827043;Prado Velho
-25,4392589;-49,25819457;Rebouças
-25,44591827;-49,2581458;Rebouças
-25,44913689;-49,25812629;Prado Velho
-25,53199399;-49,25810327;Sítio Cercado
-25,55427147;-49,25809293;Sítio Cercado
-25,4502295;-49,25798215;Prado Velho
-25,38840063;-49,25788998;Boa Vista
-25,45132212;-49,25783801;Rebouças
-25,45241473;-49,25769386;Prado Velho
-25,44117481;-49,25759123;Rebouças
-25,45350734;-49,25754972;Prado Velho
-25,45459995;-49,25740558;Prado Velho
-25,45459995;-49,25740558;Prado Velho
-25,51021578;-49,25738912;Xaxim
-25,38918276;-49,25721453;Boa Vista
-25,55378139;-49,25720242;Sítio Cercado
-25,43858947;-49,25719316;Bairro Jardim Botânico
-25,44556025;-49,25718794;Rebouças
-25,53175522;-49,25711894;Sítio Cercado
-25,45566775;-49,25705412;Prado Velho
-25,45673555;-49,25670266;Prado Velho
-25,44080729;-49,25662552;Rebouças
-25,3899649;-49,25653908;Boa Vista
-25,50987712;-49,25641545;Xaxim
-25,45780336;-49,2563512;Prado Velho
-25,55329131;-49,2563119;Sítio Cercado
-25,44520224;-49,25623008;Rebouças
-25,43792003;-49,25619175;Bairro Jardim Botânico
-25,53151646;-49,25613461;Alto Boqueirão
-25,45887116;-49,25599974;Prado Velho
-25,39074703;-49,25586363;Boa Vista
-25,44043977;-49,25565981;Bairro Jardim Botânico
-25,45993896;-49,25564828;Prado Velho
-25,50953846;-49,25544178;Xaxim
-25,55280123;-49,25542139;Sítio Cercado
-25,46100676;-49,25529682;Prado Velho
-25,44484422;-49,25527222;Rebouças
-25,4372506;-49,25519034;Bairro Jardim Botânico
-25,39152916;-49,25518818;Boa Vista
-25,53127769;-49,25515029;Alto Boqueirão
-25,46207456;-49,25494536;Prado Velho
-25,44007225;-49,2546941;Bairro Jardim Botânico
-25,46314236;-49,2545939;Prado Velho
-25,55231115;-49,25453087;Sítio Cercado
-25,3923113;-49,25451273;Boa Vista
-25,50919979;-49,25446811;Xaxim
-25,44448621;-49,25431436;Rebouças
-25,46421016;-49,25424244;Prado Velho
-25,43658117;-49,25418893;Bairro Jardim Botânico
-25,53103892;-49,25416596;Alto Boqueirão
-25,46527796;-49,25389098;Prado Velho
-25,39309343;-49,25383728;Boa Vista
-25,43970473;-49,25372839;Bairro Jardim Botânico
-25,55182107;-49,25364036;Sítio Cercado
-25,46634576;-49,25353952;Prado Velho
-25,46815079;-49,25353091;Parolin
-25,50886113;-49,25349444;Alto Boqueirão
-25,44412819;-49,2533565;Rebouças
-25,46741356;-49,25318807;Prado Velho
-25,43591174;-49,25318752;Bairro Jardim Botânico
-25,53080016;-49,25318163;Alto Boqueirão
-25,39387556;-49,25316183;Boa Vista
-25,46906592;-49,2530872;Hauer
-25,43933721;-49,25276268;Bairro Jardim Botânico
-25,55133099;-49,25274984;Sítio Cercado
-25,4394064;-49,25268947;Bairro Jardim Botânico
-25,46998106;-49,25264349;Hauer
-25,50852246;-49,25252077;Alto Boqueirão
-25,3946577;-49,25248638;Boa Vista
-25,44377018;-49,25239865;Rebouças
-25,47089619;-49,25219978;Hauer
-25,53056139;-49,25219731;Alto Boqueirão
-25,44022618;-49,25209871;Bairro Jardim Botânico
-25,55084091;-49,25185933;Sítio Cercado
-25,39543983;-49,25181093;Boa Vista
-25,47181132;-49,25175607;Hauer
-25,5081838;-49,2515471;Boqueirão
-25,44104597;-49,25150795;Bairro Jardim Botânico
-25,44341216;-49,25144079;Bairro Jardim Botânico
-25,53032262;-49,25121298;Alto Boqueirão
-25,39622196;-49,25113548;Boa Vista
-25,55035083;-49,25096881;Sítio Cercado
-25,44186575;-49,25091719;Bairro Jardim Botânico
-25,43215664;-49,25085933;Cristo Rei
-25,50784514;-49,25057343;Boqueirão
-25,44305414;-49,25048293;Bairro Jardim Botânico
-25,3970041;-49,25046003;Boa Vista
-25,44268554;-49,25032643;Bairro Jardim Botânico
-25,45774789;-49,25024202;Prado Velho
-25,53008386;-49,25022865;Alto Boqueirão
-25,54986075;-49,25007829;Sítio Cercado
-25,43239576;-49,24986771;Cristo Rei
-25,39778623;-49,24978458;Boa Vista
-25,45691943;-49,24966469;Prado Velho
-25,50750647;-49,24959977;Alto Boqueirão
-25,4297537;-49,24957187;Alto da Rua XV
-25,52984509;-49,24924433;Alto Boqueirão
-25,42905607;-49,24922855;Alto da Rua XV
-25,54937067;-49,24918778;Sítio Cercado
-25,42878698;-49,24912757;Alto da Rua XV
-25,39856836;-49,24910913;Boa Vista
-25,45609096;-49,24908736;Prado Velho
-25,43263489;-49,24887609;Cristo Rei
-25,42782026;-49,24868327;Alto da Rua XV
-25,50716781;-49,2486261;Boqueirão
-25,4552625;-49,24851003;Prado Velho
-25,3993505;-49,24843368;Boa Vista
-25,54888059;-49,24829726;Sítio Cercado
-25,52960632;-49,24826;Alto Boqueirão
-25,42685354;-49,24823897;Alto da Rua XV
-25,42909289;-49,24820287;Alto da Rua XV
-25,45443403;-49,2479327;Prado Velho
-25,43287401;-49,24788448;Cristo Rei
-25,42588682;-49,24779467;Alto da Rua XV
-25,40013263;-49,24775823;Boa Vista
-25,50682915;-49,24765243;Boqueirão
-25,54839051;-49,24740675;Sítio Cercado
-25,4249201;-49,24735037;Alto da Rua XV
-25,52936756;-49,24727567;Alto Boqueirão
-25,42912971;-49,24717719;Alto da Rua XV
-25,40091476;-49,24708278;Cabral
-25,40091476;-49,24708278;Cabral
-25,42395338;-49,24690607;Alto da Rua XV
-25,43311314;-49,24689286;Cristo Rei
-25,50649048;-49,24667876;Boqueirão
-25,40194849;-49,24666078;Cabral
-25,54790043;-49,24651623;Sítio Cercado
-25,42298666;-49,24646177;Hugo Lange
-25,52912879;-49,24629135;Alto Boqueirão
-25,40298221;-49,24623878;Cabral
-25,42916653;-49,24615152;Alto da Rua XV
-25,42201994;-49,24601747;Hugo Lange
-25,43335226;-49,24590124;Cristo Rei
-25,40401593;-49,24581678;Bacacheri
-25,50615182;-49,24570509;Boqueirão
-25,54741035;-49,24562572;Sítio Cercado
-25,42105322;-49,24557317;Hugo Lange
-25,40504966;-49,24539478;Bacacheri
-25,52889002;-49,24530702;Alto Boqueirão
-25,4200865;-49,24512887;Hugo Lange
-25,42920335;-49,24512584;Alto da Rua XV
-25,40608338;-49,24497278;Cabral
-25,43359139;-49,24490962;Cristo Rei
-25,54692027;-49,2447352;Alto Boqueirão
-25,50581316;-49,24473142;Hauer
-25,41911978;-49,24468457;Hugo Lange
-25,40711711;-49,24455078;Cabral
-25,52865126;-49,2443227;Alto Boqueirão
-25,41815306;-49,24424027;Hugo Lange
-25,40815083;-49,24412878;Cabral
-25,42924016;-49,24410016;Cristo Rei
-25,43383051;-49,243918;Cristo Rei
-25,54643019;-49,24384469;Alto Boqueirão
-25,41718633;-49,24379597;Hugo Lange
-25,50547449;-49,24375775;Boqueirão
-25,40918456;-49,24370678;Cabral
-25,41621961;-49,24335167;Hugo Lange
-25,52841249;-49,24333837;Alto Boqueirão
-25,41021828;-49,24328477;Cabral
-25,42927698;-49,24307449;Cristo Rei
-25,54594011;-49,24295417;Alto Boqueirão
-25,43406964;-49,24292638;Cristo Rei
-25,41525289;-49,24290737;Hugo Lange
-25,45378088;-49,24287708;Jardim das Américas
-25,411252;-49,24286277;Cabral
-25,50513583;-49,24278408;Boqueirão
-25,41428617;-49,24246307;Hugo Lange
-25,41228573;-49,24244077;Cabral
-25,52817372;-49,24235404;Alto Boqueirão
-25,45297264;-49,24219656;Jardim das Américas
-25,54545003;-49,24206365;Alto Boqueirão
-25,4293138;-49,24204881;Cristo Rei
-25,41331945;-49,24201877;Hugo Lange
-25,41331945;-49,24201877;Hugo Lange
-25,43430876;-49,24193477;Cristo Rei
-25,50479717;-49,24181042;Boqueirão
-25,45216439;-49,24151605;Bairro Jardim Botânico
-25,52793496;-49,24136972;Alto Boqueirão
-25,54495995;-49,24117314;Alto Boqueirão
-25,42935062;-49,24102314;Cristo Rei
-25,43454789;-49,24094315;Cristo Rei
-25,5044585;-49,24083675;Boqueirão
-25,45135615;-49,24083553;Bairro Jardim Botânico
-25,52769619;-49,24038539;Alto Boqueirão
-25,4505479;-49,24015502;Bairro Jardim Botânico
-25,42938744;-49,23999746;Tarumã
-25,43478701;-49,23995153;Cristo Rei
-25,50411984;-49,23986308;Boqueirão
-25,44973966;-49,2394745;Bairro Jardim Botânico
-25,52745742;-49,23940106;Alto Boqueirão
-25,42942426;-49,23897178;Tarumã
-25,43502614;-49,23895991;Cristo Rei
-25,50378118;-49,23888941;Boqueirão
-25,44893141;-49,23879399;Bairro Jardim Botânico
-25,52721866;-49,23841674;Alto Boqueirão
-25,44812317;-49,23811348;Bairro Jardim Botânico
-25,43526527;-49,23796829;Cristo Rei
-25,42946108;-49,23794611;Tarumã
-25,50344251;-49,23791574;Boqueirão
-25,44731492;-49,23743296;Bairro Jardim Botânico
-25,52697989;-49,23743241;Alto Boqueirão
-25,43550439;-49,23697667;Cristo Rei
-25,50310385;-49,23694207;Boqueirão
-25,4294979;-49,23692043;Tarumã
-25,44650668;-49,23675245;Bairro Jardim Botânico
-25,52674112;-49,23644808;Alto Boqueirão
-25,44569843;-49,23607193;Bairro Jardim Botânico
-25,43574352;-49,23598506;Cristo Rei
-25,42953472;-49,23589475;Tarumã
-25,52650236;-49,23546376;Alto Boqueirão
-25,44489019;-49,23539142;Bairro Jardim Botânico
-25,43598264;-49,23499344;Tarumã
-25,42957154;-49,23486908;Tarumã
-25,44408194;-49,2347109;Bairro Jardim Botânico
-25,52626359;-49,23447943;Alto Boqueirão
-25,4432737;-49,23403039;Bairro Jardim Botânico
-25,43622177;-49,23400182;Cristo Rei
-25,42960836;-49,2338434;Tarumã
-25,52602482;-49,2334951;Alto Boqueirão
-25,44246545;-49,23334987;Cajuru
-25,43646089;-49,2330102;Tarumã
-25,42964518;-49,23281772;Tarumã
-25,52578606;-49,23251078;Alto Boqueirão
-25,43670002;-49,23201858;Tarumã
-25,429682;-49,23179205;Tarumã
-25,52554729;-49,23152645;Alto Boqueirão
-25,43693914;-49,23102697;Tarumã
-25,42971882;-49,23076637;Tarumã
-25,52530852;-49,23054212;Alto Boqueirão
-25,43717827;-49,23003535;Tarumã
-25,42975564;-49,22974069;Tarumã
-25,52506976;-49,2295578;Alto Boqueirão
-25,43741739;-49,22904373;Tarumã
-25,42979246;-49,22871502;Tarumã
-25,52483099;-49,22857347;Alto Boqueirão
-25,52031327;-49,22823942;Boqueirão
-25,43765652;-49,22805211;Capão da Imbuia
-25,52122841;-49,22779571;Boqueirão
-25,42982928;-49,22768934;Tarumã
-25,52459223;-49,22758914;Alto Boqueirão
-25,52214354;-49,227352;Boqueirão
-25,43789564;-49,22706049;Capão da Imbuia
-25,52305867;-49,22690829;Alto Boqueirão
-25,4298661;-49,22666366;Tarumã
-25,52435346;-49,22660482;Alto Boqueirão
-25,5239738;-49,22646458;Alto Boqueirão
-25,37748851;-49,22632232;Santa Cândida
-25,43813477;-49,22606887;Capão da Imbuia
-25,42990292;-49,22563799;Tarumã
-25,37673463;-49,22563303;Santa Cândida
-25,4383739;-49,22507726;Capão da Imbuia
-25,37598076;-49,22494375;Santa Cândida
-25,42993974;-49,22461231;Tarumã
-25,41959884;-49,22459514;Tarumã
-25,37522688;-49,22425446;Santa Cândida
-25,43861302;-49,22408564;Capão da Imbuia
-25,42997655;-49,22358663;Tarumã
-25,37447301;-49,22356517;Santa Cândida
-25,41914921;-49,22344501;Bairro Alto
-25,43885215;-49,22309402;Capão da Imbuia
-25,43001337;-49,22256096;Tarumã
-25,41869959;-49,22229488;Bairro Alto
-25,43909127;-49,2221024;Capão da Imbuia
-25,43005019;-49,22153528;Tarumã
-25,41824996;-49,22114475;Bairro Alto
-25,4393304;-49,22111078;Capão da Imbuia
-25,43008701;-49,2205096;Tarumã
-25,43956952;-49,22011916;Capão da Imbuia
-25,41780033;-49,21999462;Bairro Alto
-25,43012383;-49,21948393;Tarumã
-25,43980865;-49,21912755;Capão da Imbuia
-25,4173507;-49,21884449;Bairro Alto
-25,4173507;-49,21884449;Bairro Alto
-25,43016065;-49,21845825;Tarumã
-25,41833459;-49,21841533;Tarumã
-25,44004777;-49,21813593;Capão da Imbuia
-25,41931848;-49,21798618;Tarumã
-25,42030237;-49,21755703;Tarumã
-25,43019747;-49,21743257;Tarumã
-25,4402869;-49,21714431;Capão da Imbuia
-25,42128626;-49,21712787;Tarumã
-25,42227015;-49,21669872;Tarumã
-25,43023429;-49,2164069;Tarumã
-25,42325404;-49,21626957;Tarumã
-25,44052602;-49,21615269;Capão da Imbuia
-25,42423793;-49,21584041;Tarumã
-25,42522182;-49,21541126;Tarumã
-25,43027111;-49,21538122;Capão da Imbuia
-25,44076515;-49,21516107;Capão da Imbuia
-25,42620571;-49,21498211;Tarumã
-25,4271896;-49,21455295;Tarumã
-25,43030793;-49,21435554;Capão da Imbuia
-25,44100427;-49,21416945;Capão da Imbuia
-25,42817349;-49,2141238;Tarumã
-25,42915739;-49,21369465;Tarumã
-25,43034475;-49,21332987;Capão da Imbuia
-25,43014128;-49,21326549;Tarumã
-25,4412434;-49,21317784;Capão da Imbuia
-25,43038157;-49,21230419;Capão da Imbuia
-25,44148252;-49,21218622;Capão da Imbuia
-25,43041839;-49,21127851;Capão da Imbuia
-25,44172165;-49,2111946;Capão da Imbuia
-25,43045521;-49,21025284;Tarumã
-25,44196078;-49,21020298;Capão da Imbuia
-25,43049203;-49,20922716;Tarumã
-25,4421999;-49,20921136;Capão da Imbuia
-25,44243903;-49,20821974;Capão da Imbuia
-25,43052885;-49,20820148;Tarumã
-25,50171015;-49,20779161;Uberaba
-25,44267815;-49,20722813;Capão da Imbuia
-25,50252993;-49,20720085;Uberaba
-25,50334972;-49,20661009;Uberaba
-25,44291728;-49,20623651;Capão da Imbuia
-25,50416951;-49,20601933;Uberaba
-25,50498929;-49,20542857;Uberaba
-25,4431564;-49,20524489;Capão da Imbuia
-25,44339553;-49,20425327;Capão da Imbuia
-25,45176232;-49,36261627;Cidade Industrial de Curitiba
-25,45598134;-49,37316568;Augusta
-25,45176232;-49,36261627;Cidade Industrial de Curitiba
-25,45218423;-49,36367121;Augusta
-25,45260613;-49,36472615;Cidade Industrial de Curitiba
-25,45302803;-49,36578109;Cidade Industrial de Curitiba
-25,45344993;-49,36683603;Cidade Industrial de Curitiba
-25,45387183;-49,36789098;Cidade Industrial de Curitiba
-25,45429373;-49,36894592;Cidade Industrial de Curitiba
-25,45471563;-49,37000086;Augusta
-25,45513753;-49,3710558;Augusta
-25,45555944;-49,37211074;Augusta
-25,45598134;-49,37316568;Augusta
-25,45598134;-49,37316568;Augusta
-25,4550027;-49,37385212;Augusta
-25,45402407;-49,37453855;Augusta
-25,45304543;-49,37522499;Augusta
-25,45206679;-49,37591142;Augusta
-25,45206679;-49,37591142;Augusta
-25,4526633;-49,3768129;Augusta
-25,4532598;-49,37771439;Augusta
-25,4538563;-49,37861587;Augusta
-25,4544528;-49,37951735;Augusta
-25,4550493;-49,38041883;Augusta
-25,4556458;-49,38132032;Augusta
-25,4562423;-49,3822218;Augusta
-25,4731333;-49,29444472;Portão
-25,47213052;-49,29415512;Portão
-25,47112775;-49,29386552;Portão
-25,47012498;-49,29357592;Portão
-25,4691222;-49,29328632;Portão
-25,46811943;-49,29299672;Portão
-25,46711666;-49,29270712;Portão
-25,46611388;-49,29241752;Portão
-25,46511111;-49,29212792;Portão
-25,46410834;-49,29183832;Portão
-25,46310556;-49,29154872;Portão
-25,46210279;-49,29125912;Portão
-25,46110001;-49,29096952;Vila Izabel
-25,46009724;-49,29067992;Vila Izabel
-25,45909447;-49,29039032;Vila Izabel
-25,45809169;-49,29010072;Vila Izabel
-25,45708892;-49,28981112;Vila Izabel
-25,45608615;-49,28952152;Vila Izabel
-25,45508337;-49,28923192;Vila Izabel
-25,4540806;-49,28894232;Vila Izabel
-25,45307783;-49,28865272;Água Verde
-25,45207505;-49,28836312;Vila Izabel
-25,45107228;-49,28807352;Água Verde
-25,52589516;-49,29768967;Pinheirinho
-25,52508908;-49,29707703;Pinheirinho
-25,524283;-49,29646439;Pinheirinho
-25,52347691;-49,29585175;Pinheirinho
-25,52267083;-49,29523911;Pinheirinho
-25,52186474;-49,29462647;Pinheirinho
-25,52105866;-49,29401383;Pinheirinho
-25,52025257;-49,29340119;Pinheirinho
-25,51944649;-49,29278855;Pinheirinho
-25,51864041;-49,29217591;Pinheirinho
-25,51783432;-49,29156327;Pinheirinho
-25,51702824;-49,29095063;Pinheirinho
-25,51622215;-49,29033799;Pinheirinho
-25,51541607;-49,28972535;Pinheirinho
-25,51460998;-49,28911271;Pinheirinho
-25,5138039;-49,28850007;Pinheirinho
-25,51299782;-49,28788743;Pinheirinho
-25,51219173;-49,28727479;Pinheirinho
-25,51138565;-49,28666215;Pinheirinho
-25,51057956;-49,28604951;Xaxim
-25,50977348;-49,28543688;Xaxim
-25,5089674;-49,28482424;Xaxim
-25,50816131;-49,2842116;Xaxim
-25,50735523;-49,28359896;Xaxim
-25,50654914;-49,28298632;Xaxim
-25,50574306;-49,28237368;Xaxim
-25,50493697;-49,28176104;Xaxim
-25,50413089;-49,2811484;Xaxim
-25,50332481;-49,28053576;Xaxim
-25,50251872;-49,27992312;Xaxim
-25,50171264;-49,27931048;Xaxim
-25,50090655;-49,27869784;Xaxim
-25,50010047;-49,2780852;Xaxim
-25,49929438;-49,27747256;Xaxim
-25,4984883;-49,27685992;Xaxim
-25,49768222;-49,27624728;Xaxim
-25,49687613;-49,27563464;Xaxim
-25,49607005;-49,275022;Xaxim
-25,49526396;-49,27440936;Xaxim
-25,49445788;-49,27379672;Xaxim
-25,49365179;-49,27318408;Xaxim
-25,49284571;-49,27257144;Xaxim
-25,49203963;-49,27195881;Xaxim
-25,49123354;-49,27134617;Xaxim
-25,49042746;-49,27073353;Xaxim
-25,48962137;-49,27012089;Xaxim
-25,48881529;-49,26950825;Xaxim
-25,4880092;-49,26889561;Xaxim
-25,48720312;-49,26828297;Xaxim
-25,48639704;-49,26767033;Xaxim
-25,48559095;-49,26705769;Xaxim
-25,48478487;-49,26644505;Xaxim
-25,48397878;-49,26583241;Fanny
-25,4831727;-49,26521977;Fanny
-25,48236661;-49,26460713;Fanny
-25,48156053;-49,26399449;Fanny
-25,48075445;-49,26338185;Fanny
-25,47994836;-49,26276921;Fanny
-25,47914228;-49,26215657;Fanny
-25,47833619;-49,26154393;Fanny
-25,47753011;-49,26093129;Fanny
-25,47672402;-49,26031865;Fanny
-25,47591794;-49,25970601;Fanny
-25,47511186;-49,25909338;Fanny
-25,47430577;-49,25848074;Fanny
-25,47349969;-49,2578681;Fanny
-25,4726936;-49,25725546;Fanny
-25,47188752;-49,25664282;Fanny
-25,47108143;-49,25603018;Fanny
-25,47027535;-49,25541754;Parolin
-25,46946927;-49,2548049;Parolin
-25,46866318;-49,25419226;Parolin
-25,4678571;-49,25357962;Hauer
-25,5010583;-49,23673293;Boqueirão
-25,50067139;-49,23573627;Boqueirão
-25,50028448;-49,23473961;Boqueirão
-25,49989756;-49,23374296;Boqueirão
-25,49951065;-49,2327463;Boqueirão
-25,49912373;-49,23174965;Boqueirão
-25,49873682;-49,23075299;Boqueirão
-25,4983499;-49,22975634;Boqueirão
-25,49796299;-49,22875968;Boqueirão
-25,49757607;-49,22776303;Boqueirão
-25,49718916;-49,22676637;Boqueirão
-25,49680224;-49,22576971;Boqueirão
-25,49641533;-49,22477306;Uberaba
-25,43917595;-49,25267941;Bairro Jardim Botânico
-25,43999641;-49,25209128;Bairro Jardim Botânico
-25,44081686;-49,25150314;Bairro Jardim Botânico
-25,44163732;-49,25091501;Bairro Jardim Botânico
-25,44245777;-49,25032688;Bairro Jardim Botânico
-25,44327823;-49,24973874;Bairro Jardim Botânico
-25,44409868;-49,24915061;Bairro Jardim Botânico
-25,44491914;-49,24856247;Bairro Jardim Botânico
-25,44573959;-49,24797434;Bairro Jardim Botânico
-25,44656005;-49,24738621;Bairro Jardim Botânico
-25,4473805;-49,24679807;Bairro Jardim Botânico
-25,44820096;-49,24620994;Bairro Jardim Botânico
-25,44902141;-49,24562181;Bairro Jardim Botânico
-25,44984187;-49,24503367;Bairro Jardim Botânico
-25,45066232;-49,24444554;Bairro Jardim Botânico
-25,45148278;-49,2438574;Bairro Jardim Botânico
-25,45230323;-49,24326927;Bairro Jardim Botânico
-25,45312369;-49,24268114;Jardim das Américas
-25,45394414;-49,242093;Jardim das Américas
-25,4547646;-49,24150487;Jardim das Américas
-25,45558505;-49,24091673;Jardim das Américas
-25,45640551;-49,2403286;Jardim das Américas
-25,45722596;-49,23974047;Jardim das Américas
-25,45804642;-49,23915233;Jardim das Américas
-25,45886687;-49,2385642;Jardim das Américas
-25,45968733;-49,23797606;Jardim das Américas
-25,46050779;-49,23738793;Jardim das Américas
-25,46132824;-49,2367998;Jardim das Américas
-25,4621487;-49,23621166;Jardim das Américas
-25,46296915;-49,23562353;Jardim das Américas
-25,46378961;-49,23503539;Jardim das Américas
-25,46461006;-49,23444726;Jardim das Américas
-25,46543052;-49,23385913;Jardim das Américas
-25,46625097;-49,23327099;Jardim das Américas
-25,46707143;-49,23268286;Jardim das Américas
-25,46789188;-49,23209472;Jardim das Américas
-25,46871234;-49,23150659;Jardim das Américas
-25,46953279;-49,23091846;Jardim das Américas
-25,47035325;-49,23033032;Jardim das Américas
-25,4711737;-49,22974219;Jardim das Américas
-25,47199416;-49,22915405;Jardim das Américas
-25,47281461;-49,22856592;Uberaba
-25,47363507;-49,22797779;Uberaba
-25,47445552;-49,22738965;Uberaba
-25,47527598;-49,22680152;Uberaba
-25,47609643;-49,22621338;Uberaba
-25,47691689;-49,22562525;Uberaba
-25,47773734;-49,22503712;Uberaba
-25,4785578;-49,22444898;Uberaba
-25,47937825;-49,22386085;Uberaba
-25,48019871;-49,22327271;Uberaba
-25,48101916;-49,22268458;Uberaba
-25,48183962;-49,22209645;Uberaba
-25,48266007;-49,22150831;Uberaba
-25,48348053;-49,22092018;Uberaba
-25,48430098;-49,22033205;Uberaba
-25,48512144;-49,21974391;Uberaba
-25,48594189;-49,21915578;Uberaba
-25,48676235;-49,21856764;Uberaba
-25,4875828;-49,21797951;Uberaba
-25,48840326;-49,21739138;Uberaba
-25,48922372;-49,21680324;Uberaba
-25,49004417;-49,21621511;Uberaba
-25,49086463;-49,21562697;Uberaba
-25,49168508;-49,21503884;Uberaba
-25,49250554;-49,21445071;Uberaba
-25,49332599;-49,21386257;Uberaba
-25,49414645;-49,21327444;Uberaba
-25,4949669;-49,2126863;Uberaba
-25,49578736;-49,21209817;Uberaba
-25,49660781;-49,21151004;Uberaba
-25,49742827;-49,2109219;Uberaba
-25,49824872;-49,21033377;Uberaba
-25,49906918;-49,20974563;Uberaba
-25,49988963;-49,2091575;Uberaba
-25,50071009;-49,20856937;Uberaba
-25,42361328;-49,2679829;Centro
-25,42285907;-49,26729439;Centro Cívico
-25,42210485;-49,26660588;Alto da Glória
-25,42135064;-49,26591737;Alto da Glória
-25,42059642;-49,26522886;Alto da Glória
-25,41984221;-49,26454035;Alto da Glória
-25,41908799;-49,26385184;Alto da Glória
-25,41833378;-49,26316334;Alto da Glória
-25,41757957;-49,26247483;Alto da Glória
-25,41682535;-49,26178632;Alto da Glória
-25,41607114;-49,26109781;Juvevê
-25,41531692;-49,2604093;Alto da Glória
-25,41456271;-49,25972079;Juvevê
-25,41380849;-49,25903229;Juvevê
-25,41305428;-49,25834378;Juvevê
-25,41230007;-49,25765527;Juvevê
-25,41154585;-49,25696676;Juvevê
-25,41079164;-49,25627825;Juvevê
-25,41003742;-49,25558974;Cabral
-25,40928321;-49,25490123;Cabral
-25,408529;-49,25421273;Cabral
-25,40777478;-49,25352422;Cabral
-25,40702057;-49,25283571;Cabral
-25,40626635;-49,2521472;Cabral
-25,40551214;-49,25145869;Cabral
-25,40475792;-49,25077018;Cabral
-25,40400371;-49,25008168;Cabral
-25,4032495;-49,24939317;Cabral
-25,40249528;-49,24870466;Cabral
-25,40174107;-49,24801615;Cabral
-25,40098685;-49,24732764;Cabral
-25,40023264;-49,24663913;Bacacheri
-25,39947842;-49,24595062;Bacacheri
-25,39872421;-49,24526212;Bacacheri
-25,39797;-49,24457361;Bacacheri
-25,39721578;-49,2438851;Bacacheri
-25,39646157;-49,24319659;Bacacheri
-25,39570735;-49,24250808;Bacacheri
-25,39495314;-49,24181957;Bacacheri
-25,39419893;-49,24113107;Bacacheri
-25,39344471;-49,24044256;Boa Vista
-25,3926905;-49,23975405;Bacacheri
-25,39193628;-49,23906554;Bacacheri
-25,39118207;-49,23837703;Bacacheri
-25,39042785;-49,23768852;Bacacheri
-25,38967364;-49,23700001;Bacacheri
-25,38891943;-49,23631151;Boa Vista
-25,38816521;-49,235623;Boa Vista
-25,387411;-49,23493449;Bacacheri
-25,38665678;-49,23424598;Bacacheri
-25,38590257;-49,23355747;Bacacheri
-25,38514835;-49,23286896;Boa Vista
-25,38439414;-49,23218046;Boa Vista
-25,38363993;-49,23149195;Santa Cândida
-25,38288571;-49,23080344;Santa Cândida
-25,3821315;-49,23011493;Santa Cândida
-25,38137728;-49,22942642;Santa Cândida
-25,38062307;-49,22873791;Santa Cândida
-25,37986886;-49,2280494;Santa Cândida
-25,37911464;-49,2273609;Santa Cândida
-25,37836043;-49,22667239;Santa Cândida
-25,37760621;-49,22598388;Santa Cândida
-25,376852;-49,22529537;Santa Cândida
-25,37609778;-49,22460686;Santa Cândida
-25,37534357;-49,22391835;Santa Cândida
-25,37458936;-49,22322985;Santa Cândida
-25,37447316;-49,22322985;Santa Cândida
-25,37342731;-49,22316019;Santa Cândida
-25,37238145;-49,22309053;Santa Cândida
-25,37133559;-49,22302087;Santa Cândida
-25,37028974;-49,22295121;Santa Cândida
-25,36924388;-49,22288155;Santa Cândida
-25,36819803;-49,22281189;Santa Cândida
-25,36715217;-49,22274223;Santa Cândida
-25,36610631;-49,22267258;Santa Cândida
-25,36506046;-49,22260292;Santa Cândida
-25,3640146;-49,22253326;Santa Cândida
-25,36296875;-49,2224636;Santa Cândida
-25,36192289;-49,22239394;Santa Cândida
-25,36087704;-49,22232428;Roça Grande
-25,35983118;-49,22225462;Roça Grande
-25,35878532;-49,22218496;Roça Grande
-25,35773947;-49,22211531;Roça Grande
-25,35669361;-49,22204565;Roça Grande
-25,35564776;-49,22197599;Roça Grande
-25,3546019;-49,22190633;Roça Grande
-25,35355604;-49,22183667;Roça Grande
-25,35251019;-49,22176701;Roça Grande
-25,35146433;-49,22169735;Roça Grande
-25,35041848;-49,22162769;Osasco
-25,34937262;-49,22155804;Osasco
-25,38318741;-49,26232446;São Lourenço
-25,38216872;-49,26240591;São Lourenço
-25,38115003;-49,26248736;São Lourenço
-25,38013134;-49,2625688;São Lourenço
-25,37911265;-49,26265025;São Lourenço
-25,37809395;-49,2627317;São Lourenço
-25,37707526;-49,26281315;São Lourenço
-25,37605657;-49,26289459;Barreirinha
-25,37503788;-49,26297604;Barreirinha
-25,37401919;-49,26305749;Barreirinha
-25,3730005;-49,26313893;Barreirinha
-25,37198181;-49,26322038;Barreirinha
-25,37096312;-49,26330183;Barreirinha
-25,36994443;-49,26338328;Barreirinha
-25,36892574;-49,26346472;Barreirinha
-25,36790705;-49,26354617;Barreirinha
-25,36688836;-49,26362762;Barreirinha
-25,36586967;-49,26370906;Barreirinha
-25,36485098;-49,26379051;Barreirinha
-25,36383229;-49,26387196;Barreirinha
-25,3628136;-49,26395341;Barreirinha
-25,3617949;-49,26403485;Abranches
-25,36077621;-49,2641163;Barreirinha
-25,35975752;-49,26419775;Cachoeira
-25,35873883;-49,26427919;Cachoeira
-25,35772014;-49,26436064;Barreirinha
-25,35670145;-49,26444209;Cachoeira
-25,35568276;-49,26452354;Cachoeira
-25,35466407;-49,26460498;Cachoeira
-25,35364538;-49,26468643;Cachoeira
-25,35262669;-49,26476788;Cachoeira
-25,42672398;-49,26530272;Centro
-25,42772915;-49,26477595;Centro
-25,42873431;-49,26424918;Centro
-25,42973947;-49,26372241;Centro
-25,43074463;-49,26319564;Centro
-25,43174979;-49,26266887;Centro
-25,43275496;-49,2621421;Centro
-25,43376012;-49,26161533;Centro
-25,43476528;-49,26108857;Centro
-25,43577044;-49,2605618;Rebouças
-25,43563233;-49,25169169;Cristo Rei
-25,43594652;-49,25070145;Bairro Jardim Botânico
-25,43626071;-49,24971121;Bairro Jardim Botânico
-25,4365749;-49,24872097;Bairro Jardim Botânico
-25,43688909;-49,24773073;Bairro Jardim Botânico
-25,43720328;-49,24674049;Bairro Jardim Botânico
-25,43751747;-49,24575025;Bairro Jardim Botânico
-25,43783166;-49,24476001;Bairro Jardim Botânico
-25,43814585;-49,24376976;Bairro Jardim Botânico
-25,43846004;-49,24277952;Bairro Jardim Botânico
-25,43877423;-49,24178928;Bairro Jardim Botânico
-25,43908842;-49,24079904;Bairro Jardim Botânico
-25,43940261;-49,2398088;Bairro Jardim Botânico
-25,4397168;-49,23881856;Bairro Jardim Botânico
-25,44003099;-49,23782832;Bairro Jardim Botânico
-25,44034518;-49,23683808;Cristo Rei
-25,44065937;-49,23584784;Cristo Rei
-25,44097356;-49,2348576;Cristo Rei
-25,44128774;-49,23386736;Bairro Jardim Botânico
-25,44160193;-49,23287712;Cristo Rei
-25,44191612;-49,23188688;Capão da Imbuia
-25,44191612;-49,23188688;Capão da Imbuia
-25,44138673;-49,2308036;Tarumã
-25,44085733;-49,22972033;Tarumã
-25,44032793;-49,22863706;Capão da Imbuia
-25,43979854;-49,22755378;Capão da Imbuia
-25,43926914;-49,22647051;Cajuru
-25,43873974;-49,22538723;Capão da Imbuia
-25,43873974;-49,22538723;Capão da Imbuia
-25,43899293;-49,22438892;Capão da Imbuia
-25,43924612;-49,22339061;Capão da Imbuia
-25,43949931;-49,2223923;Capão da Imbuia
-25,4397525;-49,22139398;Capão da Imbuia
-25,44000569;-49,22039567;Capão da Imbuia
-25,44025887;-49,21939736;Capão da Imbuia
-25,44051206;-49,21839905;Capão da Imbuia
-25,44076525;-49,21740074;Capão da Imbuia
-25,44101844;-49,21640242;Capão da Imbuia
-25,44127163;-49,21540411;Capão da Imbuia
-25,44152481;-49,2144058;Capão da Imbuia
-25,441778;-49,21340749;Capão da Imbuia
-25,44203119;-49,21240918;Capão da Imbuia
-25,44228438;-49,21141086;Capão da Imbuia
-25,44253757;-49,21041255;Capão da Imbuia
-25,44279076;-49,20941424;Capão da Imbuia
-25,44304394;-49,20841593;Capão da Imbuia
-25,44329713;-49,20741762;Capão da Imbuia
-25,52413756;-49,22653;Alto Boqueirão
-25,46902431;-49,2536677;Hauer
-25,38793042;-49,26650305;São Lourenço
-25,38784447;-49,26648875;São Lourenço
-25,38775853;-49,26647444;São Lourenço
-25,38767259;-49,26646014;São Lourenço
-25,38758664;-49,26644583;São Lourenço
-25,3875007;-49,26643153;São Lourenço
-25,38741475;-49,26641722;São Lourenço
-25,38732881;-49,26640292;São Lourenço
-25,38724287;-49,26638861;São Lourenço
-25,38715692;-49,26637431;São Lourenço
-25,38707098;-49,26636;São Lourenço
-25,38698504;-49,2663457;São Lourenço
-25,38689909;-49,26633139;São Lourenço
-25,38681315;-49,26631709;São Lourenço
-25,3867272;-49,26630278;São Lourenço
-25,38664126;-49,26628848;São Lourenço
-25,38655532;-49,26627417;São Lourenço
-25,38646937;-49,26625987;São Lourenço
-25,38638343;-49,26624556;São Lourenço
-25,38629749;-49,26623126;São Lourenço
-25,38621154;-49,26621695;São Lourenço
-25,3861256;-49,26620265;São Lourenço
-25,38603965;-49,26618834;São Lourenço
-25,38595371;-49,26617404;São Lourenço
-25,38586777;-49,26615973;São Lourenço
-25,38578182;-49,26614543;São Lourenço
-25,38569588;-49,26613112;São Lourenço
-25,38560993;-49,26611682;São Lourenço
-25,38552399;-49,26610251;São Lourenço
-25,38543805;-49,26608821;São Lourenço
-25,3853521;-49,2660739;São Lourenço
-25,38526616;-49,26605959;São Lourenço
-25,38518022;-49,26604529;São Lourenço
-25,38509427;-49,26603098;São Lourenço
-25,38500833;-49,26601668;São Lourenço
-25,38492238;-49,26600237;São Lourenço
-25,38483644;-49,26598807;São Lourenço
-25,3847505;-49,26597376;São Lourenço
-25,38466455;-49,26595946;São Lourenço
-25,38457861;-49,26594515;São Lourenço
-25,38449266;-49,26593085;São Lourenço
-25,38440672;-49,26591654;São Lourenço
-25,38432078;-49,26590224;São Lourenço
-25,38423483;-49,26588793;São Lourenço
-25,38414889;-49,26587363;São Lourenço
-25,38406295;-49,26585932;São Lourenço
-25,383977;-49,26584502;São Lourenço
-25,38389106;-49,26583071;São Lourenço
-25,38380511;-49,26581641;São Lourenço
-25,38371917;-49,2658021;São Lourenço
-25,38363323;-49,2657878;São Lourenço
-25,38354728;-49,26577349;São Lourenço
-25,38346134;-49,26575919;São Lourenço
-25,3833754;-49,26574488;São Lourenço
-25,38328945;-49,26573058;São Lourenço
-25,38320351;-49,26571627;São Lourenço
-25,38311756;-49,26570197;São Lourenço
-25,38303162;-49,26568766;São Lourenço
-25,38294568;-49,26567336;São Lourenço
-25,38285973;-49,26565905;São Lourenço
-25,38277379;-49,26564475;São Lourenço
-25,38277379;-49,26564475;São Lourenço
-25,38277573;-49,26558896;São Lourenço
-25,38277767;-49,26553317;São Lourenço
-25,3827796;-49,26547738;São Lourenço
-25,38278154;-49,26542159;São Lourenço
-25,38278348;-49,2653658;São Lourenço
-25,38278542;-49,26531001;São Lourenço
-25,38278736;-49,26525422;São Lourenço
-25,3827893;-49,26519843;São Lourenço
-25,38279124;-49,26514264;São Lourenço
-25,38279317;-49,26508685;São Lourenço
-25,38279511;-49,26503106;São Lourenço
-25,38279705;-49,26497527;São Lourenço
-25,38279899;-49,26491948;São Lourenço
-25,38280093;-49,26486369;São Lourenço
-25,38280287;-49,2648079;São Lourenço
-25,38280481;-49,26475211;São Lourenço
-25,38280675;-49,26469632;São Lourenço
-25,38280868;-49,26464053;São Lourenço
-25,38281062;-49,26458474;São Lourenço
-25,38281256;-49,26452895;São Lourenço
-25,3828145;-49,26447316;São Lourenço
-25,38281644;-49,26441737;São Lourenço
-25,38281838;-49,26436158;São Lourenço
-25,38282032;-49,26430579;São Lourenço
-25,38282225;-49,26425;São Lourenço
-25,38282419;-49,26419421;São Lourenço
-25,38282613;-49,26413842;São Lourenço
-25,38282807;-49,26408263;São Lourenço
-25,38283001;-49,26402684;São Lourenço
-25,38283195;-49,26397105;São Lourenço
-25,38283389;-49,26391526;São Lourenço
-25,38283582;-49,26385947;São Lourenço
-25,38283776;-49,26380368;São Lourenço
-25,3828397;-49,26374789;São Lourenço
-25,38284164;-49,2636921;São Lourenço
-25,38284358;-49,26363631;São Lourenço
-25,38284552;-49,26358052;São Lourenço
-25,38284746;-49,26352473;São Lourenço
-25,38284939;-49,26346894;São Lourenço
-25,38285133;-49,26341315;São Lourenço
-25,38285327;-49,26335736;São Lourenço
-25,38285521;-49,26330157;São Lourenço
-25,38285715;-49,26324578;São Lourenço
-25,38285909;-49,26318999;São Lourenço
-25,38286103;-49,2631342;São Lourenço
-25,38286297;-49,26307841;São Lourenço
-25,3828649;-49,26302262;São Lourenço
-25,38286684;-49,26296683;São Lourenço
-25,38286878;-49,26291104;São Lourenço
-25,38287072;-49,26285525;São Lourenço
-25,38287266;-49,26279946;São Lourenço
-25,3828746;-49,26274367;São Lourenço
-25,38287654;-49,26268788;São Lourenço
-25,38287847;-49,26263209;São Lourenço
-25,38288041;-49,2625763;São Lourenço
-25,38288235;-49,26252051;São Lourenço
-25,38288429;-49,26246472;São Lourenço
-25,38288623;-49,26240893;São Lourenço
-25,38288817;-49,26235314;São Lourenço
-25,38289011;-49,26229735;Barreirinha
-25,42991815;-49,24978171;Alto da Rua XV
-25,43001863;-49,24983835;Alto da Rua XV
-25,43011912;-49,249895;Alto da Rua XV
-25,4302196;-49,24995164;Alto da Rua XV
-25,43032009;-49,25000829;Alto da Rua XV
-25,43042057;-49,25006493;Alto da Rua XV
-25,43052105;-49,25012158;Alto da Rua XV
-25,43062154;-49,25017822;Alto da Rua XV
-25,43072202;-49,25023487;Alto da Rua XV
-25,43082251;-49,25029151;Alto da Rua XV
-25,43092299;-49,25034816;Alto da Rua XV
-25,43102348;-49,25040481;Alto da Rua XV
-25,43112396;-49,25046145;Alto da Rua XV
-25,43122445;-49,2505181;Alto da Rua XV
-25,43132493;-49,25057474;Alto da Rua XV
-25,43142542;-49,25063139;Alto da Rua XV
-25,4315259;-49,25068803;Alto da Rua XV
-25,43162639;-49,25074468;Alto da Rua XV
-25,43172687;-49,25080132;Cristo Rei
-25,43182735;-49,25085797;Cristo Rei
-25,43192784;-49,25091461;Cristo Rei
-25,43202832;-49,25097126;Cristo Rei
-25,43212881;-49,2510279;Cristo Rei
-25,43222929;-49,25108455;Cristo Rei
-25,43232978;-49,25114119;Alto da Rua XV
-25,43243026;-49,25119784;Alto da Rua XV
-25,43253075;-49,25125449;Alto da Rua XV
-25,43263123;-49,25131113;Alto da Rua XV
-25,43273172;-49,25136778;Alto da Rua XV
-25,4328322;-49,25142442;Cristo Rei
-25,43293268;-49,25148107;Cristo Rei
-25,43303317;-49,25153771;Cristo Rei
-25,43313365;-49,25159436;Cristo Rei
-25,43323414;-49,251651;Cristo Rei
-25,43333462;-49,25170765;Cristo Rei
-25,43343511;-49,25176429;Cristo Rei
-25,43353559;-49,25182094;Cristo Rei
-25,43363608;-49,25187758;Cristo Rei
-25,43373656;-49,25193423;Cristo Rei
-25,43383705;-49,25199088;Cristo Rei
-25,43393753;-49,25204752;Cristo Rei
-25,43403801;-49,25210417;Cristo Rei
-25,4341385;-49,25216081;Cristo Rei
-25,43423898;-49,25221746;Cristo Rei
-25,43433947;-49,2522741;Cristo Rei
-25,43443995;-49,25233075;Cristo Rei
-25,43454044;-49,25238739;Cristo Rei
-25,43464092;-49,25244404;Cristo Rei
-25,43474141;-49,25250068;Cristo Rei
-25,43484189;-49,25255733;Cristo Rei
-25,43494238;-49,25261397;Cristo Rei
-25,43504286;-49,25267062;Cristo Rei
-25,43514335;-49,25272727;Cristo Rei
-25,43524383;-49,25278391;Cristo Rei
-25,43534431;-49,25284056;Cristo Rei
-25,4354448;-49,2528972;Cristo Rei
-25,43554528;-49,25295385;Cristo Rei
-25,43564577;-49,25301049;Cristo Rei
-25,43574625;-49,25306714;Cristo Rei
-25,43584674;-49,25312378;Cristo Rei
-25,43594722;-49,25318043;Bairro Jardim Botânico
-25,4303939;-49,35318494;Orleans
-25,43058025;-49,35304636;Orleans
-25,4307666;-49,35290778;Orleans
-25,43095295;-49,3527692;Orleans
-25,4311393;-49,35263062;Orleans
-25,43132564;-49,35249204;Orleans
-25,43151199;-49,35235346;Orleans
-25,43169834;-49,35221488;Orleans
-25,43188469;-49,3520763;Orleans
-25,43207104;-49,35193773;Orleans
-25,43225739;-49,35179915;Orleans
-25,43244374;-49,35166057;Orleans
-25,43263008;-49,35152199;Orleans
-25,43281643;-49,35138341;Orleans
-25,43300278;-49,35124483;Orleans
-25,43318913;-49,35110625;Orleans
-25,43337548;-49,35096767;Orleans
-25,43356183;-49,3508291;Orleans
-25,43374817;-49,35069052;Orleans
-25,43393452;-49,35055194;Orleans
-25,43412087;-49,35041336;Orleans
-25,43430722;-49,35027478;Orleans
-25,43449357;-49,3501362;Orleans
-25,43467992;-49,34999762;Orleans
-25,43486627;-49,34985904;Orleans
-25,43505261;-49,34972046;Orleans
-25,43523896;-49,34958189;Orleans
-25,43542531;-49,34944331;Orleans
-25,43561166;-49,34930473;Orleans
-25,43579801;-49,34916615;Orleans
-25,43598436;-49,34902757;Orleans
-25,43617071;-49,34888899;Orleans
-25,43635705;-49,34875041;Orleans
-25,4365434;-49,34861183;Orleans
-25,43672975;-49,34847326;Orleans
-25,4369161;-49,34833468;Orleans
-25,43710245;-49,3481961;Orleans
-25,4372888;-49,34805752;Orleans
-25,43747514;-49,34791894;Orleans
-25,43766149;-49,34778036;Orleans
-25,43784784;-49,34764178;Orleans
-25,43803419;-49,3475032;Orleans
-25,43822054;-49,34736462;Campo Comprido
-25,43840689;-49,34722605;Campo Comprido
-25,43859324;-49,34708747;Campo Comprido
-25,43877958;-49,34694889;Campo Comprido
-25,43896593;-49,34681031;Campo Comprido
-25,43915228;-49,34667173;Campo Comprido
-25,43933863;-49,34653315;Campo Comprido
-25,43952498;-49,34639457;Campo Comprido
-25,43971133;-49,34625599;Campo Comprido
-25,43989767;-49,34611742;Campo Comprido
-25,44008402;-49,34597884;Campo Comprido
-25,44027037;-49,34584026;Mossunguê
-25,44045672;-49,34570168;Campo Comprido
-25,44064307;-49,3455631;Campo Comprido
-25,44082942;-49,34542452;Campo Comprido
-25,44101577;-49,34528594;Campo Comprido
-25,44120211;-49,34514736;Campo Comprido
-25,44138846;-49,34500878;Campo Comprido
-25,44157481;-49,34487021;Campo Comprido
-25,52413756;-49,22653;Alto Boqueirão
-25,52321901;-49,2269823;Alto Boqueirão
-25,52230045;-49,22743459;Alto Boqueirão
-25,5213819;-49,22788689;Alto Boqueirão
-25,52046334;-49,22833918;Boqueirão
-25,51954479;-49,22879148;Alto Boqueirão
-25,51862624;-49,22924377;Boqueirão
-25,51770768;-49,22969607;Boqueirão
-25,51678913;-49,23014836;Boqueirão
-25,51587057;-49,23060066;Boqueirão
-25,51495202;-49,23105295;Boqueirão
-25,51403347;-49,23150525;Boqueirão
-25,51311491;-49,23195754;Boqueirão
-25,51219636;-49,23240984;Boqueirão
-25,5112778;-49,23286213;Boqueirão
-25,51035925;-49,23331443;Boqueirão
-25,50944069;-49,23376672;Boqueirão
-25,50852214;-49,23421902;Boqueirão
-25,50760359;-49,23467131;Boqueirão
-25,50668503;-49,23512361;Boqueirão
-25,50576648;-49,2355759;Boqueirão
-25,50484792;-49,2360282;Boqueirão
-25,50392937;-49,23648049;Boqueirão
-25,50301081;-49,23693279;Boqueirão
-25,50209226;-49,23738508;Boqueirão
-25,50117371;-49,23783738;Boqueirão
-25,50025515;-49,23828967;Boqueirão
-25,4993366;-49,23874197;Boqueirão
-25,49841804;-49,23919426;Boqueirão
-25,49749949;-49,23964655;Boqueirão
-25,49658094;-49,24009885;Boqueirão
-25,49566238;-49,24055114;Boqueirão
-25,49474383;-49,24100344;Boqueirão
-25,49382527;-49,24145573;Boqueirão
-25,49290672;-49,24190803;Boqueirão
-25,49198816;-49,24236032;Boqueirão
-25,49106961;-49,24281262;Boqueirão
-25,49015106;-49,24326491;Boqueirão
-25,4892325;-49,24371721;Boqueirão
-25,48831395;-49,2441695;Boqueirão
-25,48739539;-49,2446218;Boqueirão
-25,48647684;-49,24507409;Boqueirão
-25,48555829;-49,24552639;Boqueirão
-25,48463973;-49,24597868;Hauer
-25,48372118;-49,24643098;Hauer
-25,48280262;-49,24688327;Hauer
-25,48188407;-49,24733557;Hauer
-25,48096551;-49,24778786;Hauer
-25,48004696;-49,24824016;Hauer
-25,47912841;-49,24869245;Hauer
-25,47820985;-49,24914475;Hauer
-25,4772913;-49,24959704;Hauer
-25,47637274;-49,25004934;Hauer
-25,47545419;-49,25050163;Hauer
-25,47453563;-49,25095393;Hauer
-25,47361708;-49,25140622;Hauer
-25,47269853;-49,25185852;Hauer
-25,47177997;-49,25231081;Hauer
-25,47086142;-49,25276311;Hauer
-25,46994286;-49,2532154;Hauer
-25,46902431;-49,2536677;Hauer
-25,44445467;-49,3539187;Cidade Industrial de Curitiba
-25,42998625;-49,35359866;Orleans
-25,42901727;-49,3531552;São Braz
-25,44426997;-49,35292429;Cidade Industrial de Curitiba
-25,42804829;-49,35271175;Orleans
-25,42707931;-49,35226829;Orleans
-25,44408528;-49,35192987;Cidade Industrial de Curitiba
-25,42611033;-49,35182483;Orleans
-25,42514135;-49,35138137;São Braz
-25,42417237;-49,35093791;Orleans
-25,44390059;-49,35093545;Campo Comprido
-25,42320339;-49,35049445;São Braz
-25,41161388;-49,3503371;São Braz
-25,41161388;-49,3503371;São Braz
-25,42223441;-49,350051;São Braz
-25,41280259;-49,35003669;São Braz
-25,44371589;-49,34994104;Campo Comprido
-25,41399129;-49,34973628;São Braz
-25,42126543;-49,34960754;São Braz
-25,41517999;-49,34943588;São Braz
-25,41125725;-49,34934146;Santa Felicidade
-25,42029645;-49,34916408;São Braz
-25,4163687;-49,34913547;São Braz
-25,4435312;-49,34894662;Campo Comprido
-25,4175574;-49,34883506;São Braz
-25,41932747;-49,34872062;São Braz
-25,4187461;-49,34853465;São Braz
-25,41090062;-49,34834583;Santa Felicidade
-25,41835849;-49,34827716;São Braz
-25,41835849;-49,34827716;São Braz
-25,44334651;-49,3479522;Campo Comprido
-25,41054399;-49,34735019;Santa Felicidade
-25,41816265;-49,34724719;São Braz
-25,44316181;-49,34695779;Campo Comprido
-25,41018737;-49,34635455;Santa Felicidade
-25,4179668;-49,34621722;São Braz
-25,44297712;-49,34596337;Campo Comprido
-25,40983074;-49,34535892;São Braz
-25,41777095;-49,34518726;São Braz
-25,44279243;-49,34496895;Campo Comprido
-25,40947411;-49,34436328;Santa Felicidade
-25,4175751;-49,34415729;São Braz
-25,44260773;-49,34397454;Campo Comprido
-25,40911748;-49,34336765;Santa Felicidade
-25,41737925;-49,34312732;São Braz
-25,44242304;-49,34298012;Mossunguê
-25,40876085;-49,34237201;Santa Felicidade
-25,4171834;-49,34209735;São Braz
-25,44223835;-49,3419857;Mossunguê
-25,40840422;-49,34137637;Santa Felicidade
-25,41698756;-49,34106738;São Braz
-25,44205365;-49,34099129;Mossunguê
-25,40804759;-49,34038074;Santa Felicidade
-25,41679171;-49,34003742;São Braz
-25,44186896;-49,33999687;Mossunguê
-25,40769096;-49,3393851;Santa Felicidade
-25,41659586;-49,33900745;São Braz
-25,44168426;-49,33900245;Mossunguê
-25,40733433;-49,33838947;Santa Felicidade
-25,51665519;-49,33813967;Cidade Industrial de Curitiba
-25,51665519;-49,33813967;Cidade Industrial de Curitiba
-25,44149957;-49,33800804;Campo Comprido
-25,41640001;-49,33797748;São Braz
-25,51762059;-49,33771175;Cidade Industrial de Curitiba
-25,51577715;-49,33759407;Cidade Industrial de Curitiba
-25,4069777;-49,33739383;Santa Felicidade
-25,518586;-49,33728382;Cidade Industrial de Curitiba
-25,54258484;-49,33723033;Cidade Industrial de Curitiba
-25,54258484;-49,33723033;Cidade Industrial de Curitiba
-25,51489911;-49,33704846;Cidade Industrial de Curitiba
-25,44131488;-49,33701362;Mossunguê
-25,41620416;-49,33694751;Santa Felicidade
-25,54360721;-49,33689457;Cidade Industrial de Curitiba
-25,5195514;-49,33685589;Cidade Industrial de Curitiba
-25,54163306;-49,33659379;Cidade Industrial de Curitiba
-25,54462959;-49,33655881;Cidade Industrial de Curitiba
-25,51402107;-49,33650285;Cidade Industrial de Curitiba
-25,5205168;-49,33642797;Cidade Industrial de Curitiba
-25,40662107;-49,33639819;Santa Felicidade
-25,54565196;-49,33622306;Cidade Industrial de Curitiba
-25,44113018;-49,3360192;Campo Comprido
-25,5214822;-49,33600004;Cidade Industrial de Curitiba
-25,54068127;-49,33595725;Cidade Industrial de Curitiba
-25,51314304;-49,33595725;Cidade Industrial de Curitiba
-25,41600831;-49,33591754;Santa Felicidade
-25,54667434;-49,3358873;Cidade Industrial de Curitiba
-25,39254088;-49,33566005;Santa Felicidade
-25,39359653;-49,33564024;Santa Felicidade
-25,39465219;-49,33562044;Santa Felicidade
-25,39570785;-49,33560063;Santa Felicidade
-25,39676351;-49,33558082;Santa Felicidade
-25,5224476;-49,33557211;Cidade Industrial de Curitiba
-25,39781917;-49,33556102;Santa Felicidade
-25,54769671;-49,33555154;Cidade Industrial de Curitiba
-25,39887483;-49,33554121;Santa Felicidade
-25,39993049;-49,3355214;Santa Felicidade
-25,40098615;-49,33550159;Santa Felicidade
-25,40204181;-49,33548179;Santa Felicidade
-25,40309746;-49,33546198;Santa Felicidade
-25,40415312;-49,33544217;Santa Felicidade
-25,40520878;-49,33542237;Santa Felicidade
-25,512265;-49,33541164;Cidade Industrial de Curitiba
-25,40626444;-49,33540256;Santa Felicidade
-25,40626444;-49,33540256;Santa Felicidade
-25,53972949;-49,33532071;Cidade Industrial de Curitiba
-25,54871909;-49,33521578;Cidade Industrial de Curitiba
-25,39246334;-49,33514507;Santa Felicidade
-25,523413;-49,33514419;Cidade Industrial de Curitiba
-25,44094549;-49,33502479;Mossunguê
-25,41581247;-49,33488757;Santa Felicidade
-25,54974146;-49,33488002;Cidade Industrial de Curitiba
-25,51138696;-49,33486603;Cidade Industrial de Curitiba
-25,5243784;-49,33471626;Cidade Industrial de Curitiba
-25,53877771;-49,33468416;Cidade Industrial de Curitiba
-25,55076384;-49,33454427;Cidade Industrial de Curitiba
-25,51050892;-49,33432043;Cidade Industrial de Curitiba
-25,5253438;-49,33428833;Cidade Industrial de Curitiba
-25,55178621;-49,33420851;Cidade Industrial de Curitiba
-25,39204655;-49,33419378;Santa Felicidade
-25,53782593;-49,33404762;Cidade Industrial de Curitiba
-25,4407608;-49,33403037;Mossunguê
-25,55280859;-49,33387275;Tatuquara
-25,5263092;-49,33386041;Cidade Industrial de Curitiba
-25,41561662;-49,33385761;Santa Felicidade
-25,50963088;-49,33377482;Cidade Industrial de Curitiba
-25,55383096;-49,33353699;Tatuquara
-25,52727461;-49,33343248;Cidade Industrial de Curitiba
-25,53687414;-49,33341108;Cidade Industrial de Curitiba
-25,39162976;-49,33324249;Santa Felicidade
-25,50875284;-49,33322921;Cidade Industrial de Curitiba
-25,55485334;-49,33320123;Tatuquara
-25,4405761;-49,33303595;Mossunguê
-25,52824001;-49,33300455;Cidade Industrial de Curitiba
-25,55587571;-49,33286548;Tatuquara
-25,41542077;-49,33282764;Santa Felicidade
-25,53592236;-49,33277454;Cidade Industrial de Curitiba
-25,5078748;-49,33268361;Cidade Industrial de Curitiba
-25,52920541;-49,33257663;Cidade Industrial de Curitiba
-25,39121297;-49,3322912;Santa Felicidade
-25,53017081;-49,3321487;Cidade Industrial de Curitiba
-25,53497058;-49,332138;Cidade Industrial de Curitiba
-25,50699676;-49,332138;Cidade Industrial de Curitiba
-25,51222362;-49,332138;Cidade Industrial de Curitiba
-25,44039141;-49,33204154;Mossunguê
-25,41522492;-49,33179767;São Braz
-25,53113621;-49,33172077;Cidade Industrial de Curitiba
-25,50611872;-49,33159239;Cidade Industrial de Curitiba
-25,5340188;-49,33150146;Cidade Industrial de Curitiba
-25,39079618;-49,33133991;Santa Felicidade
-25,53210161;-49,33129284;Cidade Industrial de Curitiba
-25,51283325;-49,33117669;Cidade Industrial de Curitiba
-25,44020672;-49,33104712;Mossunguê
-25,50524068;-49,33104679;Cidade Industrial de Curitiba
-25,53306701;-49,33086492;Cidade Industrial de Curitiba
-25,53306701;-49,33086492;Cidade Industrial de Curitiba
-25,41502907;-49,3307677;Santa Felicidade
-25,50436264;-49,33050118;Cidade Industrial de Curitiba
-25,3903794;-49,33038862;Santa Felicidade
-25,51344289;-49,33021539;Cidade Industrial de Curitiba
-25,44002202;-49,3300527;Mossunguê
-25,5034846;-49,32995557;Cidade Industrial de Curitiba
-25,41483322;-49,32973773;Santa Felicidade
-25,38996261;-49,32943733;Santa Felicidade
-25,50260656;-49,32940997;Cidade Industrial de Curitiba
-25,51405252;-49,32925408;Cidade Industrial de Curitiba
-25,43983733;-49,32905829;Mossunguê
-25,50172852;-49,32886436;Cidade Industrial de Curitiba
-25,41463738;-49,32870777;Santa Felicidade
-25,41463738;-49,32870777;Santa Felicidade
-25,38954582;-49,32848604;Santa Felicidade
-25,50085048;-49,32831875;Cidade Industrial de Curitiba
-25,51466216;-49,32829277;Cidade Industrial de Curitiba
-25,43965264;-49,32806387;Mossunguê
-25,41553857;-49,32796748;Santa Felicidade
-25,49997244;-49,32777315;Cidade Industrial de Curitiba
-25,38912903;-49,32753475;Santa Felicidade
-25,51527179;-49,32733147;Cidade Industrial de Curitiba
-25,4990944;-49,32722754;Cidade Industrial de Curitiba
-25,41643977;-49,32722719;Santa Felicidade
-25,43946794;-49,32706945;Mossunguê
-25,49821636;-49,32668193;Cidade Industrial de Curitiba
-25,38871224;-49,32658346;Santa Felicidade
-25,41734096;-49,3264869;Santa Felicidade
-25,51588143;-49,32637016;Cidade Industrial de Curitiba
-25,49733832;-49,32613633;Cidade Industrial de Curitiba
-25,43928325;-49,32607504;Mossunguê
-25,41824216;-49,32574661;Santa Felicidade
-25,38829546;-49,32563217;Santa Felicidade
-25,49646028;-49,32559072;Cidade Industrial de Curitiba
-25,51649106;-49,32540885;Cidade Industrial de Curitiba
-25,51649106;-49,32540885;Cidade Industrial de Curitiba
-25,43909856;-49,32508062;Mossunguê
-25,49558224;-49,32504511;Cidade Industrial de Curitiba
-25,41914335;-49,32500632;Santa Felicidade
-25,38787867;-49,32468088;Santa Felicidade
-25,4947042;-49,32449951;Cidade Industrial de Curitiba
-25,51620657;-49,32435401;Cidade Industrial de Curitiba
-25,42004455;-49,32426603;Santa Felicidade
-25,43891386;-49,3240862;Mossunguê
-25,49382617;-49,3239539;Cidade Industrial de Curitiba
-25,38746188;-49,32372959;Santa Felicidade
-25,42094574;-49,32352574;Santa Felicidade
-25,49294813;-49,32340829;Cidade Industrial de Curitiba
-25,51592207;-49,32329917;Cidade Industrial de Curitiba
-25,43872917;-49,32309179;Mossunguê
-25,49207009;-49,32286269;Cidade Industrial de Curitiba
-25,42184694;-49,32278545;Santo Inácio
-25,42184694;-49,32278545;Santo Inácio
-25,38704509;-49,3227783;Santa Felicidade
-25,49119205;-49,32231708;Cidade Industrial de Curitiba
-25,4913766;-49,32231708;Cidade Industrial de Curitiba
-25,51563757;-49,32224433;Cidade Industrial de Curitiba
-25,43854448;-49,32209737;Mossunguê
-25,38662831;-49,32182701;Santa Felicidade
-25,49230181;-49,32178801;Cidade Industrial de Curitiba
-25,49031401;-49,32177147;Cidade Industrial de Curitiba
-25,42192962;-49,32172115;Santo Inácio
-25,49322702;-49,32125893;Cidade Industrial de Curitiba
-25,48943597;-49,32122587;Cidade Industrial de Curitiba
-25,50565802;-49,32122587;Cidade Industrial de Curitiba
-25,51535308;-49,32118949;Cidade Industrial de Curitiba
-25,43835978;-49,32110295;Mossunguê
-25,38621152;-49,32087572;São João
-25,49415223;-49,32072986;Cidade Industrial de Curitiba
-25,48855793;-49,32068026;Cidade Industrial de Curitiba
-25,42201231;-49,32065685;Santo Inácio
-25,50527109;-49,32025807;Cidade Industrial de Curitiba
-25,49507744;-49,32020079;Cidade Industrial de Curitiba
-25,48767989;-49,32013465;Fazendinha
-25,51506858;-49,32013465;Cidade Industrial de Curitiba
-25,43817509;-49,32010853;Mossunguê
-25,38579473;-49,31992443;São João
-25,49600265;-49,31967172;Cidade Industrial de Curitiba
-25,422095;-49,31959255;Cascatinha
-25,48680185;-49,31958905;Fazendinha
-25,50488416;-49,31929026;Cidade Industrial de Curitiba
-25,49692786;-49,31914264;Cidade Industrial de Curitiba
-25,4379904;-49,31911412;Mossunguê
-25,51478409;-49,31907981;Cidade Industrial de Curitiba
-25,48592381;-49,31904344;Portão
-25,38537794;-49,31897314;São João
-25,49785307;-49,31861357;Cidade Industrial de Curitiba
-25,42217769;-49,31852825;Cascatinha
-25,48504577;-49,31849783;Portão
-25,50449723;-49,31832246;Cidade Industrial de Curitiba
-25,4378057;-49,3181197;Mossunguê
-25,49877828;-49,3180845;Cidade Industrial de Curitiba
-25,51449959;-49,31802498;Cidade Industrial de Curitiba
-25,38496115;-49,31802185;São João
-25,48416773;-49,31795223;Fazendinha
-25,49970349;-49,31755542;Cidade Industrial de Curitiba
-25,42226037;-49,31746395;Cascatinha
-25,48328969;-49,31740662;Fazendinha
-25,5041103;-49,31735466;Cidade Industrial de Curitiba
-25,43762101;-49,31712528;Mossunguê
-25,38454437;-49,31707056;São João
-25,5006287;-49,31702635;Cidade Industrial de Curitiba
-25,51421509;-49,31697014;Cidade Industrial de Curitiba
-25,48241165;-49,31686101;Portão
-25,50155391;-49,31649728;Cidade Industrial de Curitiba
-25,42234306;-49,31639965;Cascatinha
-25,50372337;-49,31638686;Cidade Industrial de Curitiba
-25,48153361;-49,31631541;Fazendinha
-25,43743632;-49,31613087;Mossunguê
-25,38412758;-49,31611927;São João
-25,50247912;-49,3159682;Cidade Industrial de Curitiba
-25,5139306;-49,3159153;Cidade Industrial de Curitiba
-25,48065557;-49,3157698;Fazendinha
-25,50340432;-49,31543913;Cidade Industrial de Curitiba
-25,50333644;-49,31541905;Cidade Industrial de Curitiba
-25,42242575;-49,31533535;Cascatinha
-25,47977753;-49,31522419;Fazendinha
-25,38371079;-49,31516798;São João
-25,43725162;-49,31513645;Campina do Siqueira
-25,50432953;-49,31491006;Cidade Industrial de Curitiba
-25,5136461;-49,31486046;Cidade Industrial de Curitiba
-25,47889949;-49,31467859;Fazendinha
-25,47889949;-49,31467859;Fazendinha
-25,50294951;-49,31445125;Cidade Industrial de Curitiba
-25,50525474;-49,31438098;Cidade Industrial de Curitiba
-25,42250844;-49,31427104;Cascatinha
-25,383294;-49,31421669;São João
-25,43706693;-49,31414203;Campina do Siqueira
-25,50617995;-49,31385191;Cidade Industrial de Curitiba
-25,5133616;-49,31380562;Cidade Industrial de Curitiba
-25,47861433;-49,31364481;Fazendinha
-25,50256258;-49,31348345;Cidade Industrial de Curitiba
-25,50710516;-49,31332284;Cidade Industrial de Curitiba
-25,38287721;-49,3132654;São João
-25,42259112;-49,31320674;Cascatinha
-25,43688224;-49,31314762;Campina do Siqueira
-25,43224773;-49,31304183;Campina do Siqueira
-25,50803037;-49,31279376;Cidade Industrial de Curitiba
-25,51307711;-49,31275078;Cidade Industrial de Curitiba
-25,43320565;-49,31264017;Campina do Siqueira
-25,47832917;-49,31261103;Fazendinha
-25,4319241;-49,3125716;Campina do Siqueira
-25,50217565;-49,31251565;Cidade Industrial de Curitiba
-25,38246043;-49,31231411;São João
-25,38246043;-49,31231411;São João
-25,50895558;-49,31226469;Cidade Industrial de Curitiba
-25,43416357;-49,3122385;Campina do Siqueira
-25,43093089;-49,31222827;Bigorrilho
-25,43669754;-49,3121532;Mossunguê
-25,42267381;-49,31214244;Cascatinha
-25,42993768;-49,31188495;Bigorrilho
-25,4351215;-49,31183684;Campina do Siqueira
-25,50988079;-49,31173562;Cidade Industrial de Curitiba
-25,51279261;-49,31169594;Capão Raso
-25,478044;-49,31157724;Fazendinha
-25,50178872;-49,31154784;Cidade Industrial de Curitiba
-25,42894448;-49,31154163;Santo Inácio
-25,43607942;-49,31143518;Campina do Siqueira
-25,382986;-49,31136997;São João
-25,510806;-49,31120655;Cidade Industrial de Curitiba
-25,42795127;-49,31119831;Santo Inácio
-25,43651285;-49,31115878;Mossunguê
-25,4227565;-49,31107814;Cascatinha
-25,43703734;-49,31103352;Mossunguê
-25,42695807;-49,31085498;Santo Inácio
-25,51173121;-49,31067747;Cidade Industrial de Curitiba
-25,51250811;-49,3106411;Capão Raso
-25,43799526;-49,31063185;Campina do Siqueira
-25,5014018;-49,31058004;Cidade Industrial de Curitiba
-25,47775884;-49,31054346;Portão
-25,42596486;-49,31051166;Santo Inácio
-25,38351157;-49,31042583;São João
-25,43895319;-49,31023019;Campina do Siqueira
-25,42497166;-49,31016834;Cascatinha
-25,43632816;-49,31016437;Mossunguê
-25,42283919;-49,31001384;Cascatinha
-25,43991111;-49,30982853;Campina do Siqueira
-25,42397845;-49,30982502;Cascatinha
-25,50101487;-49,30961224;Cidade Industrial de Curitiba
-25,51222362;-49,30958626;Capão Raso
-25,51222362;-49,30958626;Capão Raso
-25,47747368;-49,30950968;Portão
-25,42298525;-49,30948169;Cascatinha
-25,38403715;-49,30948169;São João
-25,44086903;-49,30942687;Campina do Siqueira
-25,43614346;-49,30916995;Mossunguê
-25,42199204;-49,30913837;Cascatinha
-25,44182695;-49,3090252;Campina do Siqueira
-25,42292187;-49,30894954;Cascatinha
-25,42099884;-49,30879505;Cascatinha
-25,50062794;-49,30864444;Capão Raso
-25,44278488;-49,30862354;Campina do Siqueira
-25,38456272;-49,30853756;São João
-25,51223226;-49,30851419;Capão Raso
-25,47718852;-49,3084759;Portão
-25,42000563;-49,30845172;Cascatinha
-25,4437428;-49,30822188;Campina do Siqueira
-25,43605643;-49,30817553;Campina do Siqueira
-25,43595877;-49,30817553;Campina do Siqueira
-25,41901242;-49,3081084;Cascatinha
-25,42300456;-49,30788524;Cascatinha
-25,44470072;-49,30782022;Campina do Siqueira
-25,41801922;-49,30776508;Cascatinha
-25,50024101;-49,30767664;Capão Raso
-25,38508829;-49,30759342;São João
-25,47690335;-49,30744212;Portão
-25,51224089;-49,30744212;Capão Raso
-25,41702601;-49,30742176;Cascatinha
-25,44565864;-49,30741855;Seminário
-25,43568043;-49,30718065;Campina do Siqueira
-25,41603281;-49,30707843;Mercês
-25,44661657;-49,30701689;Seminário
-25,42308725;-49,30682094;Bigorrilho
-25,49985408;-49,30670883;Capão Raso
-25,38561387;-49,30664928;São João
-25,44757449;-49,30661523;Seminário
-25,47661819;-49,30640834;Portão
-25,51224953;-49,30637005;Capão Raso
-25,44853241;-49,30621357;Seminário
-25,43530444;-49,30618576;Bigorrilho
-25,44949033;-49,3058119;Seminário
-25,49946715;-49,30574103;Capão Raso
-25,38613944;-49,30570514;São João
-25,45044826;-49,30541024;Seminário
-25,47633303;-49,30537456;Portão
-25,51225817;-49,30529798;Capão Raso
-25,4064195;-49,30527599;São João
-25,40535123;-49,30519493;São João
-25,43492845;-49,30519087;Bigorrilho
-25,40428295;-49,30511386;São João
-25,40321468;-49,3050328;São João
-25,45140618;-49,30500858;Seminário
-25,40214641;-49,30495174;São João
-25,40107814;-49,30487068;Vista Alegre
-25,40000986;-49,30478962;São João
-25,49908022;-49,30477323;Capão Raso
-25,38666501;-49,30476101;São João
-25,39894159;-49,30470855;São João
-25,39787332;-49,30462749;São João
-25,4523641;-49,30460692;Seminário
-25,39680504;-49,30454643;Pilarzinho
-25,45208659;-49,30453087;Seminário
-25,45197353;-49,30449878;Seminário
-25,39573677;-49,30446537;Pilarzinho
-25,3946685;-49,3043843;Pilarzinho
-25,47604786;-49,30434078;Portão
-25,38719059;-49,30433185;São João
-25,39360023;-49,30430324;Pilarzinho
-25,51226681;-49,30422591;Capão Raso
-25,39253195;-49,30422218;Pilarzinho
-25,43455246;-49,30419599;Bigorrilho
-25,39146368;-49,30414112;Pilarzinho
-25,39039541;-49,30406005;Pilarzinho
-25,45290106;-49,3040482;Seminário
-25,38932713;-49,30397899;Pilarzinho
-25,38825886;-49,30389793;São João
-25,38719059;-49,30381687;São João
-25,38719059;-49,30381687;São João
-25,49869329;-49,30380543;Capão Raso
-25,4538286;-49,30359761;Seminário
-25,45171791;-49,3035734;Seminário
-25,4757627;-49,303307;Portão
-25,38693372;-49,30330188;São João
-25,43417646;-49,3032011;Bigorrilho
-25,51227545;-49,30315384;Capão Raso
-25,45475614;-49,30314703;Seminário
-25,49830636;-49,30283762;Capão Raso
-25,45568367;-49,30269645;Vila Izabel
-25,45134923;-49,30261594;Seminário
-25,47547754;-49,30227322;Portão
-25,38667686;-49,30227192;Pilarzinho
-25,45661121;-49,30224586;Vila Izabel
-25,43380047;-49,30220621;Bigorrilho
-25,51228409;-49,30208177;Capão Raso
-25,49791943;-49,30186982;Capão Raso
-25,45753875;-49,30179528;Vila Izabel
-25,45098055;-49,30165847;Seminário
-25,45846628;-49,3013447;Vila Izabel
-25,38642;-49,30124195;Pilarzinho
-25,47519238;-49,30123943;Portão
-25,43342448;-49,30121133;Bigorrilho
-25,51229273;-49,30100971;Capão Raso
-25,4975325;-49,30090202;Novo Mundo
-25,45939382;-49,30089412;Vila Izabel
-25,45061186;-49,30070101;Seminário
-25,46032136;-49,30044353;Portão
-25,43304848;-49,30021644;Bigorrilho
-25,38616314;-49,30021198;Pilarzinho
-25,47490721;-49,30020565;Portão
-25,46124889;-49,29999295;Portão
-25,51230137;-49,29993764;Capão Raso
-25,49714557;-49,29993422;Novo Mundo
-25,45024318;-49,29974354;Seminário
-25,46217643;-49,29954237;Vila Izabel
-25,52984983;-49,2993641;Pinheirinho
-25,43267249;-49,29922155;Bigorrilho
-25,38590627;-49,29918201;Pilarzinho
-25,47462205;-49,29917187;Portão
-25,46310396;-49,29909178;Vila Izabel
-25,53079212;-49,29898737;Pinheirinho
-25,49675864;-49,29896642;Novo Mundo
-25,51231;-49,29886557;Capão Raso
-25,4498745;-49,29878608;Seminário
-25,4640315;-49,2986412;Vila Izabel
-25,53173442;-49,29861063;Pinheirinho
